,images,label
0,/root/data/train_crop/image/23133_6.png,/root/data/train_crop/label/23133_6.png
1,/root/data/train_crop/image/150_2.png,/root/data/train_crop/label/150_2.png
2,/root/data/train_crop/image/271_0.png,/root/data/train_crop/label/271_0.png
3,/root/data/train_crop/image/27813_2.png,/root/data/train_crop/label/27813_2.png
4,/root/data/train_crop/image/5225_0.png,/root/data/train_crop/label/5225_0.png
5,/root/data/train_crop/image/150_7.png,/root/data/train_crop/label/150_7.png
6,/root/data/train_crop/image/20846_3.png,/root/data/train_crop/label/20846_3.png
7,/root/data/train_crop/image/365_5.png,/root/data/train_crop/label/365_5.png
8,/root/data/train_crop/image/27038_5.png,/root/data/train_crop/label/27038_5.png
9,/root/data/train_crop/image/366_2.png,/root/data/train_crop/label/366_2.png
10,/root/data/train_crop/image/27813_5.png,/root/data/train_crop/label/27813_5.png
11,/root/data/train_crop/image/7033_1.png,/root/data/train_crop/label/7033_1.png
12,/root/data/train_crop/image/28286_6.png,/root/data/train_crop/label/28286_6.png
13,/root/data/train_crop/image/329_7.png,/root/data/train_crop/label/329_7.png
14,/root/data/train_crop/image/24551_4.png,/root/data/train_crop/label/24551_4.png
15,/root/data/train_crop/image/20919_4.png,/root/data/train_crop/label/20919_4.png
16,/root/data/train_crop/image/5388_3.png,/root/data/train_crop/label/5388_3.png
17,/root/data/train_crop/image/5593_4.png,/root/data/train_crop/label/5593_4.png
18,/root/data/train_crop/image/5841_3.png,/root/data/train_crop/label/5841_3.png
19,/root/data/train_crop/image/3984_5.png,/root/data/train_crop/label/3984_5.png
20,/root/data/train_crop/image/27038_3.png,/root/data/train_crop/label/27038_3.png
21,/root/data/train_crop/image/21135_2.png,/root/data/train_crop/label/21135_2.png
22,/root/data/train_crop/image/5_7.png,/root/data/train_crop/label/5_7.png
23,/root/data/train_crop/image/30624_0.png,/root/data/train_crop/label/30624_0.png
24,/root/data/train_crop/image/7040_7.png,/root/data/train_crop/label/7040_7.png
25,/root/data/train_crop/image/30624_3.png,/root/data/train_crop/label/30624_3.png
26,/root/data/train_crop/image/31202_6.png,/root/data/train_crop/label/31202_6.png
27,/root/data/train_crop/image/30624_5.png,/root/data/train_crop/label/30624_5.png
28,/root/data/train_crop/image/27813_1.png,/root/data/train_crop/label/27813_1.png
29,/root/data/train_crop/image/328_1.png,/root/data/train_crop/label/328_1.png
30,/root/data/train_crop/image/27218_7.png,/root/data/train_crop/label/27218_7.png
31,/root/data/train_crop/image/324_6.png,/root/data/train_crop/label/324_6.png
32,/root/data/train_crop/image/5841_6.png,/root/data/train_crop/label/5841_6.png
33,/root/data/train_crop/image/324_2.png,/root/data/train_crop/label/324_2.png
34,/root/data/train_crop/image/5593_2.png,/root/data/train_crop/label/5593_2.png
35,/root/data/train_crop/image/329_3.png,/root/data/train_crop/label/329_3.png
36,/root/data/train_crop/image/280_6.png,/root/data/train_crop/label/280_6.png
37,/root/data/train_crop/image/1_7.png,/root/data/train_crop/label/1_7.png
38,/root/data/train_crop/image/5114_4.png,/root/data/train_crop/label/5114_4.png
39,/root/data/train_crop/image/28645_7.png,/root/data/train_crop/label/28645_7.png
40,/root/data/train_crop/image/280_5.png,/root/data/train_crop/label/280_5.png
41,/root/data/train_crop/image/27038_4.png,/root/data/train_crop/label/27038_4.png
42,/root/data/train_crop/image/20919_2.png,/root/data/train_crop/label/20919_2.png
43,/root/data/train_crop/image/23133_1.png,/root/data/train_crop/label/23133_1.png
44,/root/data/train_crop/image/7033_2.png,/root/data/train_crop/label/7033_2.png
45,/root/data/train_crop/image/5225_4.png,/root/data/train_crop/label/5225_4.png
46,/root/data/train_crop/image/22197_3.png,/root/data/train_crop/label/22197_3.png
47,/root/data/train_crop/image/28239_2.png,/root/data/train_crop/label/28239_2.png
48,/root/data/train_crop/image/3171_6.png,/root/data/train_crop/label/3171_6.png
49,/root/data/train_crop/image/053_7.png,/root/data/train_crop/label/053_7.png
50,/root/data/train_crop/image/22197_6.png,/root/data/train_crop/label/22197_6.png
51,/root/data/train_crop/image/7032_2.png,/root/data/train_crop/label/7032_2.png
52,/root/data/train_crop/image/1_0.png,/root/data/train_crop/label/1_0.png
53,/root/data/train_crop/image/21393_0.png,/root/data/train_crop/label/21393_0.png
54,/root/data/train_crop/image/3171_2.png,/root/data/train_crop/label/3171_2.png
55,/root/data/train_crop/image/5114_5.png,/root/data/train_crop/label/5114_5.png
56,/root/data/train_crop/image/20919_0.png,/root/data/train_crop/label/20919_0.png
57,/root/data/train_crop/image/4660_0.png,/root/data/train_crop/label/4660_0.png
58,/root/data/train_crop/image/28286_4.png,/root/data/train_crop/label/28286_4.png
59,/root/data/train_crop/image/28645_1.png,/root/data/train_crop/label/28645_1.png
60,/root/data/train_crop/image/7012_0.png,/root/data/train_crop/label/7012_0.png
61,/root/data/train_crop/image/328_7.png,/root/data/train_crop/label/328_7.png
62,/root/data/train_crop/image/4944_3.png,/root/data/train_crop/label/4944_3.png
63,/root/data/train_crop/image/25795_1.png,/root/data/train_crop/label/25795_1.png
64,/root/data/train_crop/image/1_1.png,/root/data/train_crop/label/1_1.png
65,/root/data/train_crop/image/30624_2.png,/root/data/train_crop/label/30624_2.png
66,/root/data/train_crop/image/28239_5.png,/root/data/train_crop/label/28239_5.png
67,/root/data/train_crop/image/23133_5.png,/root/data/train_crop/label/23133_5.png
68,/root/data/train_crop/image/27284_6.png,/root/data/train_crop/label/27284_6.png
69,/root/data/train_crop/image/3984_7.png,/root/data/train_crop/label/3984_7.png
70,/root/data/train_crop/image/25795_2.png,/root/data/train_crop/label/25795_2.png
71,/root/data/train_crop/image/27987_4.png,/root/data/train_crop/label/27987_4.png
72,/root/data/train_crop/image/28994_0.png,/root/data/train_crop/label/28994_0.png
73,/root/data/train_crop/image/7040_5.png,/root/data/train_crop/label/7040_5.png
74,/root/data/train_crop/image/5841_1.png,/root/data/train_crop/label/5841_1.png
75,/root/data/train_crop/image/5_5.png,/root/data/train_crop/label/5_5.png
76,/root/data/train_crop/image/20919_7.png,/root/data/train_crop/label/20919_7.png
77,/root/data/train_crop/image/7033_7.png,/root/data/train_crop/label/7033_7.png
78,/root/data/train_crop/image/30228_6.png,/root/data/train_crop/label/30228_6.png
79,/root/data/train_crop/image/28218_2.png,/root/data/train_crop/label/28218_2.png
80,/root/data/train_crop/image/20846_5.png,/root/data/train_crop/label/20846_5.png
81,/root/data/train_crop/image/327_5.png,/root/data/train_crop/label/327_5.png
82,/root/data/train_crop/image/366_1.png,/root/data/train_crop/label/366_1.png
83,/root/data/train_crop/image/328_4.png,/root/data/train_crop/label/328_4.png
84,/root/data/train_crop/image/26876_4.png,/root/data/train_crop/label/26876_4.png
85,/root/data/train_crop/image/28218_3.png,/root/data/train_crop/label/28218_3.png
86,/root/data/train_crop/image/21393_3.png,/root/data/train_crop/label/21393_3.png
87,/root/data/train_crop/image/20846_0.png,/root/data/train_crop/label/20846_0.png
88,/root/data/train_crop/image/5225_3.png,/root/data/train_crop/label/5225_3.png
89,/root/data/train_crop/image/36761_7.png,/root/data/train_crop/label/36761_7.png
90,/root/data/train_crop/image/31202_0.png,/root/data/train_crop/label/31202_0.png
91,/root/data/train_crop/image/23133_0.png,/root/data/train_crop/label/23133_0.png
92,/root/data/train_crop/image/7033_5.png,/root/data/train_crop/label/7033_5.png
93,/root/data/train_crop/image/3171_0.png,/root/data/train_crop/label/3171_0.png
94,/root/data/train_crop/image/36761_0.png,/root/data/train_crop/label/36761_0.png
95,/root/data/train_crop/image/053_3.png,/root/data/train_crop/label/053_3.png
96,/root/data/train_crop/image/27987_7.png,/root/data/train_crop/label/27987_7.png
97,/root/data/train_crop/image/271_5.png,/root/data/train_crop/label/271_5.png
98,/root/data/train_crop/image/5388_7.png,/root/data/train_crop/label/5388_7.png
99,/root/data/train_crop/image/150_3.png,/root/data/train_crop/label/150_3.png
100,/root/data/train_crop/image/5225_5.png,/root/data/train_crop/label/5225_5.png
101,/root/data/train_crop/image/36761_1.png,/root/data/train_crop/label/36761_1.png
102,/root/data/train_crop/image/5114_0.png,/root/data/train_crop/label/5114_0.png
103,/root/data/train_crop/image/3171_1.png,/root/data/train_crop/label/3171_1.png
104,/root/data/train_crop/image/327_4.png,/root/data/train_crop/label/327_4.png
105,/root/data/train_crop/image/29263_3.png,/root/data/train_crop/label/29263_3.png
106,/root/data/train_crop/image/5593_7.png,/root/data/train_crop/label/5593_7.png
107,/root/data/train_crop/image/30624_6.png,/root/data/train_crop/label/30624_6.png
108,/root/data/train_crop/image/7012_7.png,/root/data/train_crop/label/7012_7.png
109,/root/data/train_crop/image/20311_6.png,/root/data/train_crop/label/20311_6.png
110,/root/data/train_crop/image/150_1.png,/root/data/train_crop/label/150_1.png
111,/root/data/train_crop/image/5114_6.png,/root/data/train_crop/label/5114_6.png
112,/root/data/train_crop/image/28994_7.png,/root/data/train_crop/label/28994_7.png
113,/root/data/train_crop/image/7032_6.png,/root/data/train_crop/label/7032_6.png
114,/root/data/train_crop/image/30228_1.png,/root/data/train_crop/label/30228_1.png
115,/root/data/train_crop/image/25795_5.png,/root/data/train_crop/label/25795_5.png
116,/root/data/train_crop/image/27218_4.png,/root/data/train_crop/label/27218_4.png
117,/root/data/train_crop/image/36793_3.png,/root/data/train_crop/label/36793_3.png
118,/root/data/train_crop/image/360_2.png,/root/data/train_crop/label/360_2.png
119,/root/data/train_crop/image/374_2.png,/root/data/train_crop/label/374_2.png
120,/root/data/train_crop/image/3984_4.png,/root/data/train_crop/label/3984_4.png
121,/root/data/train_crop/image/28286_0.png,/root/data/train_crop/label/28286_0.png
122,/root/data/train_crop/image/280_1.png,/root/data/train_crop/label/280_1.png
123,/root/data/train_crop/image/21135_3.png,/root/data/train_crop/label/21135_3.png
124,/root/data/train_crop/image/360_1.png,/root/data/train_crop/label/360_1.png
125,/root/data/train_crop/image/053_0.png,/root/data/train_crop/label/053_0.png
126,/root/data/train_crop/image/24551_6.png,/root/data/train_crop/label/24551_6.png
127,/root/data/train_crop/image/27987_2.png,/root/data/train_crop/label/27987_2.png
128,/root/data/train_crop/image/27068_2.png,/root/data/train_crop/label/27068_2.png
129,/root/data/train_crop/image/22197_7.png,/root/data/train_crop/label/22197_7.png
130,/root/data/train_crop/image/28286_3.png,/root/data/train_crop/label/28286_3.png
131,/root/data/train_crop/image/4507_6.png,/root/data/train_crop/label/4507_6.png
132,/root/data/train_crop/image/4507_3.png,/root/data/train_crop/label/4507_3.png
133,/root/data/train_crop/image/26962_3.png,/root/data/train_crop/label/26962_3.png
134,/root/data/train_crop/image/31202_5.png,/root/data/train_crop/label/31202_5.png
135,/root/data/train_crop/image/7033_3.png,/root/data/train_crop/label/7033_3.png
136,/root/data/train_crop/image/360_7.png,/root/data/train_crop/label/360_7.png
137,/root/data/train_crop/image/5388_0.png,/root/data/train_crop/label/5388_0.png
138,/root/data/train_crop/image/26962_6.png,/root/data/train_crop/label/26962_6.png
139,/root/data/train_crop/image/4660_6.png,/root/data/train_crop/label/4660_6.png
140,/root/data/train_crop/image/29263_7.png,/root/data/train_crop/label/29263_7.png
141,/root/data/train_crop/image/329_2.png,/root/data/train_crop/label/329_2.png
142,/root/data/train_crop/image/4660_5.png,/root/data/train_crop/label/4660_5.png
143,/root/data/train_crop/image/20311_1.png,/root/data/train_crop/label/20311_1.png
144,/root/data/train_crop/image/5841_0.png,/root/data/train_crop/label/5841_0.png
145,/root/data/train_crop/image/053_4.png,/root/data/train_crop/label/053_4.png
146,/root/data/train_crop/image/5841_4.png,/root/data/train_crop/label/5841_4.png
147,/root/data/train_crop/image/3171_3.png,/root/data/train_crop/label/3171_3.png
148,/root/data/train_crop/image/5841_7.png,/root/data/train_crop/label/5841_7.png
149,/root/data/train_crop/image/366_5.png,/root/data/train_crop/label/366_5.png
150,/root/data/train_crop/image/20311_0.png,/root/data/train_crop/label/20311_0.png
151,/root/data/train_crop/image/327_1.png,/root/data/train_crop/label/327_1.png
152,/root/data/train_crop/image/28483_6.png,/root/data/train_crop/label/28483_6.png
153,/root/data/train_crop/image/28286_1.png,/root/data/train_crop/label/28286_1.png
154,/root/data/train_crop/image/26962_4.png,/root/data/train_crop/label/26962_4.png
155,/root/data/train_crop/image/1_4.png,/root/data/train_crop/label/1_4.png
156,/root/data/train_crop/image/26876_1.png,/root/data/train_crop/label/26876_1.png
157,/root/data/train_crop/image/7077_0.png,/root/data/train_crop/label/7077_0.png
158,/root/data/train_crop/image/23133_4.png,/root/data/train_crop/label/23133_4.png
159,/root/data/train_crop/image/28483_1.png,/root/data/train_crop/label/28483_1.png
160,/root/data/train_crop/image/7012_6.png,/root/data/train_crop/label/7012_6.png
161,/root/data/train_crop/image/27218_1.png,/root/data/train_crop/label/27218_1.png
162,/root/data/train_crop/image/5225_7.png,/root/data/train_crop/label/5225_7.png
163,/root/data/train_crop/image/27218_0.png,/root/data/train_crop/label/27218_0.png
164,/root/data/train_crop/image/29263_0.png,/root/data/train_crop/label/29263_0.png
165,/root/data/train_crop/image/271_1.png,/root/data/train_crop/label/271_1.png
166,/root/data/train_crop/image/28645_5.png,/root/data/train_crop/label/28645_5.png
167,/root/data/train_crop/image/324_7.png,/root/data/train_crop/label/324_7.png
168,/root/data/train_crop/image/328_5.png,/root/data/train_crop/label/328_5.png
169,/root/data/train_crop/image/3171_5.png,/root/data/train_crop/label/3171_5.png
170,/root/data/train_crop/image/327_0.png,/root/data/train_crop/label/327_0.png
171,/root/data/train_crop/image/270_7.png,/root/data/train_crop/label/270_7.png
172,/root/data/train_crop/image/150_0.png,/root/data/train_crop/label/150_0.png
173,/root/data/train_crop/image/28483_4.png,/root/data/train_crop/label/28483_4.png
174,/root/data/train_crop/image/329_1.png,/root/data/train_crop/label/329_1.png
175,/root/data/train_crop/image/28994_4.png,/root/data/train_crop/label/28994_4.png
176,/root/data/train_crop/image/36793_5.png,/root/data/train_crop/label/36793_5.png
177,/root/data/train_crop/image/25795_0.png,/root/data/train_crop/label/25795_0.png
178,/root/data/train_crop/image/27813_0.png,/root/data/train_crop/label/27813_0.png
179,/root/data/train_crop/image/28483_2.png,/root/data/train_crop/label/28483_2.png
180,/root/data/train_crop/image/20919_6.png,/root/data/train_crop/label/20919_6.png
181,/root/data/train_crop/image/270_6.png,/root/data/train_crop/label/270_6.png
182,/root/data/train_crop/image/5_4.png,/root/data/train_crop/label/5_4.png
183,/root/data/train_crop/image/374_6.png,/root/data/train_crop/label/374_6.png
184,/root/data/train_crop/image/36761_3.png,/root/data/train_crop/label/36761_3.png
185,/root/data/train_crop/image/4507_2.png,/root/data/train_crop/label/4507_2.png
186,/root/data/train_crop/image/28645_3.png,/root/data/train_crop/label/28645_3.png
187,/root/data/train_crop/image/27068_1.png,/root/data/train_crop/label/27068_1.png
188,/root/data/train_crop/image/7077_3.png,/root/data/train_crop/label/7077_3.png
189,/root/data/train_crop/image/23425_5.png,/root/data/train_crop/label/23425_5.png
190,/root/data/train_crop/image/4660_2.png,/root/data/train_crop/label/4660_2.png
191,/root/data/train_crop/image/28483_0.png,/root/data/train_crop/label/28483_0.png
192,/root/data/train_crop/image/28218_5.png,/root/data/train_crop/label/28218_5.png
193,/root/data/train_crop/image/374_1.png,/root/data/train_crop/label/374_1.png
194,/root/data/train_crop/image/5388_5.png,/root/data/train_crop/label/5388_5.png
195,/root/data/train_crop/image/36793_4.png,/root/data/train_crop/label/36793_4.png
196,/root/data/train_crop/image/328_6.png,/root/data/train_crop/label/328_6.png
197,/root/data/train_crop/image/5388_2.png,/root/data/train_crop/label/5388_2.png
198,/root/data/train_crop/image/21135_4.png,/root/data/train_crop/label/21135_4.png
199,/root/data/train_crop/image/7032_5.png,/root/data/train_crop/label/7032_5.png
200,/root/data/train_crop/image/27038_1.png,/root/data/train_crop/label/27038_1.png
201,/root/data/train_crop/image/7077_4.png,/root/data/train_crop/label/7077_4.png
202,/root/data/train_crop/image/327_6.png,/root/data/train_crop/label/327_6.png
203,/root/data/train_crop/image/5593_6.png,/root/data/train_crop/label/5593_6.png
204,/root/data/train_crop/image/20919_1.png,/root/data/train_crop/label/20919_1.png
205,/root/data/train_crop/image/5114_2.png,/root/data/train_crop/label/5114_2.png
206,/root/data/train_crop/image/28994_1.png,/root/data/train_crop/label/28994_1.png
207,/root/data/train_crop/image/27987_5.png,/root/data/train_crop/label/27987_5.png
208,/root/data/train_crop/image/30228_5.png,/root/data/train_crop/label/30228_5.png
209,/root/data/train_crop/image/20846_1.png,/root/data/train_crop/label/20846_1.png
210,/root/data/train_crop/image/150_4.png,/root/data/train_crop/label/150_4.png
211,/root/data/train_crop/image/28483_3.png,/root/data/train_crop/label/28483_3.png
212,/root/data/train_crop/image/31202_3.png,/root/data/train_crop/label/31202_3.png
213,/root/data/train_crop/image/4507_7.png,/root/data/train_crop/label/4507_7.png
214,/root/data/train_crop/image/7077_7.png,/root/data/train_crop/label/7077_7.png
215,/root/data/train_crop/image/365_6.png,/root/data/train_crop/label/365_6.png
216,/root/data/train_crop/image/27218_5.png,/root/data/train_crop/label/27218_5.png
217,/root/data/train_crop/image/27038_7.png,/root/data/train_crop/label/27038_7.png
218,/root/data/train_crop/image/328_3.png,/root/data/train_crop/label/328_3.png
219,/root/data/train_crop/image/7040_1.png,/root/data/train_crop/label/7040_1.png
220,/root/data/train_crop/image/28994_5.png,/root/data/train_crop/label/28994_5.png
221,/root/data/train_crop/image/27284_7.png,/root/data/train_crop/label/27284_7.png
222,/root/data/train_crop/image/27068_6.png,/root/data/train_crop/label/27068_6.png
223,/root/data/train_crop/image/23425_3.png,/root/data/train_crop/label/23425_3.png
224,/root/data/train_crop/image/328_2.png,/root/data/train_crop/label/328_2.png
225,/root/data/train_crop/image/27284_1.png,/root/data/train_crop/label/27284_1.png
226,/root/data/train_crop/image/360_5.png,/root/data/train_crop/label/360_5.png
227,/root/data/train_crop/image/4944_7.png,/root/data/train_crop/label/4944_7.png
228,/root/data/train_crop/image/365_3.png,/root/data/train_crop/label/365_3.png
229,/root/data/train_crop/image/23425_6.png,/root/data/train_crop/label/23425_6.png
230,/root/data/train_crop/image/324_4.png,/root/data/train_crop/label/324_4.png
231,/root/data/train_crop/image/27813_7.png,/root/data/train_crop/label/27813_7.png
232,/root/data/train_crop/image/28239_1.png,/root/data/train_crop/label/28239_1.png
233,/root/data/train_crop/image/7032_3.png,/root/data/train_crop/label/7032_3.png
234,/root/data/train_crop/image/360_3.png,/root/data/train_crop/label/360_3.png
235,/root/data/train_crop/image/28286_7.png,/root/data/train_crop/label/28286_7.png
236,/root/data/train_crop/image/327_3.png,/root/data/train_crop/label/327_3.png
237,/root/data/train_crop/image/28994_3.png,/root/data/train_crop/label/28994_3.png
238,/root/data/train_crop/image/4660_7.png,/root/data/train_crop/label/4660_7.png
239,/root/data/train_crop/image/280_2.png,/root/data/train_crop/label/280_2.png
240,/root/data/train_crop/image/29263_4.png,/root/data/train_crop/label/29263_4.png
241,/root/data/train_crop/image/7032_4.png,/root/data/train_crop/label/7032_4.png
242,/root/data/train_crop/image/20311_2.png,/root/data/train_crop/label/20311_2.png
243,/root/data/train_crop/image/374_4.png,/root/data/train_crop/label/374_4.png
244,/root/data/train_crop/image/27987_1.png,/root/data/train_crop/label/27987_1.png
245,/root/data/train_crop/image/374_0.png,/root/data/train_crop/label/374_0.png
246,/root/data/train_crop/image/329_0.png,/root/data/train_crop/label/329_0.png
247,/root/data/train_crop/image/27218_2.png,/root/data/train_crop/label/27218_2.png
248,/root/data/train_crop/image/5388_6.png,/root/data/train_crop/label/5388_6.png
249,/root/data/train_crop/image/24551_2.png,/root/data/train_crop/label/24551_2.png
250,/root/data/train_crop/image/271_4.png,/root/data/train_crop/label/271_4.png
251,/root/data/train_crop/image/22197_1.png,/root/data/train_crop/label/22197_1.png
252,/root/data/train_crop/image/21393_7.png,/root/data/train_crop/label/21393_7.png
253,/root/data/train_crop/image/5225_1.png,/root/data/train_crop/label/5225_1.png
254,/root/data/train_crop/image/27218_3.png,/root/data/train_crop/label/27218_3.png
255,/root/data/train_crop/image/4507_1.png,/root/data/train_crop/label/4507_1.png
256,/root/data/train_crop/image/365_4.png,/root/data/train_crop/label/365_4.png
257,/root/data/train_crop/image/271_7.png,/root/data/train_crop/label/271_7.png
258,/root/data/train_crop/image/20311_3.png,/root/data/train_crop/label/20311_3.png
259,/root/data/train_crop/image/7032_7.png,/root/data/train_crop/label/7032_7.png
260,/root/data/train_crop/image/26962_1.png,/root/data/train_crop/label/26962_1.png
261,/root/data/train_crop/image/053_6.png,/root/data/train_crop/label/053_6.png
262,/root/data/train_crop/image/3984_1.png,/root/data/train_crop/label/3984_1.png
263,/root/data/train_crop/image/20846_4.png,/root/data/train_crop/label/20846_4.png
264,/root/data/train_crop/image/5114_3.png,/root/data/train_crop/label/5114_3.png
265,/root/data/train_crop/image/26876_5.png,/root/data/train_crop/label/26876_5.png
266,/root/data/train_crop/image/374_7.png,/root/data/train_crop/label/374_7.png
267,/root/data/train_crop/image/26876_0.png,/root/data/train_crop/label/26876_0.png
268,/root/data/train_crop/image/270_2.png,/root/data/train_crop/label/270_2.png
269,/root/data/train_crop/image/280_4.png,/root/data/train_crop/label/280_4.png
270,/root/data/train_crop/image/25795_4.png,/root/data/train_crop/label/25795_4.png
271,/root/data/train_crop/image/27813_4.png,/root/data/train_crop/label/27813_4.png
272,/root/data/train_crop/image/5593_0.png,/root/data/train_crop/label/5593_0.png
273,/root/data/train_crop/image/27038_6.png,/root/data/train_crop/label/27038_6.png
274,/root/data/train_crop/image/27813_3.png,/root/data/train_crop/label/27813_3.png
275,/root/data/train_crop/image/4660_1.png,/root/data/train_crop/label/4660_1.png
276,/root/data/train_crop/image/7077_2.png,/root/data/train_crop/label/7077_2.png
277,/root/data/train_crop/image/23133_2.png,/root/data/train_crop/label/23133_2.png
278,/root/data/train_crop/image/24551_0.png,/root/data/train_crop/label/24551_0.png
279,/root/data/train_crop/image/270_1.png,/root/data/train_crop/label/270_1.png
280,/root/data/train_crop/image/7033_0.png,/root/data/train_crop/label/7033_0.png
281,/root/data/train_crop/image/324_5.png,/root/data/train_crop/label/324_5.png
282,/root/data/train_crop/image/28645_2.png,/root/data/train_crop/label/28645_2.png
283,/root/data/train_crop/image/20311_7.png,/root/data/train_crop/label/20311_7.png
284,/root/data/train_crop/image/5225_6.png,/root/data/train_crop/label/5225_6.png
285,/root/data/train_crop/image/366_6.png,/root/data/train_crop/label/366_6.png
286,/root/data/train_crop/image/20846_6.png,/root/data/train_crop/label/20846_6.png
287,/root/data/train_crop/image/360_0.png,/root/data/train_crop/label/360_0.png
288,/root/data/train_crop/image/271_2.png,/root/data/train_crop/label/271_2.png
289,/root/data/train_crop/image/1_3.png,/root/data/train_crop/label/1_3.png
290,/root/data/train_crop/image/27284_5.png,/root/data/train_crop/label/27284_5.png
291,/root/data/train_crop/image/23425_2.png,/root/data/train_crop/label/23425_2.png
292,/root/data/train_crop/image/4944_4.png,/root/data/train_crop/label/4944_4.png
293,/root/data/train_crop/image/20919_5.png,/root/data/train_crop/label/20919_5.png
294,/root/data/train_crop/image/366_7.png,/root/data/train_crop/label/366_7.png
295,/root/data/train_crop/image/4660_3.png,/root/data/train_crop/label/4660_3.png
296,/root/data/train_crop/image/4507_0.png,/root/data/train_crop/label/4507_0.png
297,/root/data/train_crop/image/5388_4.png,/root/data/train_crop/label/5388_4.png
298,/root/data/train_crop/image/324_1.png,/root/data/train_crop/label/324_1.png
299,/root/data/train_crop/image/7040_6.png,/root/data/train_crop/label/7040_6.png
300,/root/data/train_crop/image/30228_3.png,/root/data/train_crop/label/30228_3.png
301,/root/data/train_crop/image/28645_4.png,/root/data/train_crop/label/28645_4.png
302,/root/data/train_crop/image/36793_0.png,/root/data/train_crop/label/36793_0.png
303,/root/data/train_crop/image/053_5.png,/root/data/train_crop/label/053_5.png
304,/root/data/train_crop/image/7033_4.png,/root/data/train_crop/label/7033_4.png
305,/root/data/train_crop/image/26962_2.png,/root/data/train_crop/label/26962_2.png
306,/root/data/train_crop/image/1_2.png,/root/data/train_crop/label/1_2.png
307,/root/data/train_crop/image/327_2.png,/root/data/train_crop/label/327_2.png
308,/root/data/train_crop/image/27038_2.png,/root/data/train_crop/label/27038_2.png
309,/root/data/train_crop/image/324_0.png,/root/data/train_crop/label/324_0.png
310,/root/data/train_crop/image/7077_6.png,/root/data/train_crop/label/7077_6.png
311,/root/data/train_crop/image/31202_7.png,/root/data/train_crop/label/31202_7.png
312,/root/data/train_crop/image/271_3.png,/root/data/train_crop/label/271_3.png
313,/root/data/train_crop/image/28645_6.png,/root/data/train_crop/label/28645_6.png
314,/root/data/train_crop/image/25795_6.png,/root/data/train_crop/label/25795_6.png
315,/root/data/train_crop/image/24551_5.png,/root/data/train_crop/label/24551_5.png
316,/root/data/train_crop/image/5388_1.png,/root/data/train_crop/label/5388_1.png
317,/root/data/train_crop/image/5593_3.png,/root/data/train_crop/label/5593_3.png
318,/root/data/train_crop/image/28239_0.png,/root/data/train_crop/label/28239_0.png
319,/root/data/train_crop/image/7077_1.png,/root/data/train_crop/label/7077_1.png
320,/root/data/train_crop/image/366_3.png,/root/data/train_crop/label/366_3.png
321,/root/data/train_crop/image/053_2.png,/root/data/train_crop/label/053_2.png
322,/root/data/train_crop/image/3984_0.png,/root/data/train_crop/label/3984_0.png
323,/root/data/train_crop/image/29263_1.png,/root/data/train_crop/label/29263_1.png
324,/root/data/train_crop/image/328_0.png,/root/data/train_crop/label/328_0.png
325,/root/data/train_crop/image/3984_3.png,/root/data/train_crop/label/3984_3.png
326,/root/data/train_crop/image/31202_1.png,/root/data/train_crop/label/31202_1.png
327,/root/data/train_crop/image/365_1.png,/root/data/train_crop/label/365_1.png
328,/root/data/train_crop/image/4507_4.png,/root/data/train_crop/label/4507_4.png
329,/root/data/train_crop/image/5_0.png,/root/data/train_crop/label/5_0.png
330,/root/data/train_crop/image/24551_7.png,/root/data/train_crop/label/24551_7.png
331,/root/data/train_crop/image/5593_1.png,/root/data/train_crop/label/5593_1.png
332,/root/data/train_crop/image/28218_6.png,/root/data/train_crop/label/28218_6.png
333,/root/data/train_crop/image/28286_5.png,/root/data/train_crop/label/28286_5.png
334,/root/data/train_crop/image/31202_4.png,/root/data/train_crop/label/31202_4.png
335,/root/data/train_crop/image/21135_7.png,/root/data/train_crop/label/21135_7.png
336,/root/data/train_crop/image/270_0.png,/root/data/train_crop/label/270_0.png
337,/root/data/train_crop/image/28286_2.png,/root/data/train_crop/label/28286_2.png
338,/root/data/train_crop/image/26962_0.png,/root/data/train_crop/label/26962_0.png
339,/root/data/train_crop/image/3171_4.png,/root/data/train_crop/label/3171_4.png
340,/root/data/train_crop/image/22197_2.png,/root/data/train_crop/label/22197_2.png
341,/root/data/train_crop/image/7040_2.png,/root/data/train_crop/label/7040_2.png
342,/root/data/train_crop/image/21393_1.png,/root/data/train_crop/label/21393_1.png
343,/root/data/train_crop/image/5841_5.png,/root/data/train_crop/label/5841_5.png
344,/root/data/train_crop/image/36761_6.png,/root/data/train_crop/label/36761_6.png
345,/root/data/train_crop/image/327_7.png,/root/data/train_crop/label/327_7.png
346,/root/data/train_crop/image/28218_7.png,/root/data/train_crop/label/28218_7.png
347,/root/data/train_crop/image/150_6.png,/root/data/train_crop/label/150_6.png
348,/root/data/train_crop/image/25795_7.png,/root/data/train_crop/label/25795_7.png
349,/root/data/train_crop/image/36793_1.png,/root/data/train_crop/label/36793_1.png
350,/root/data/train_crop/image/28239_3.png,/root/data/train_crop/label/28239_3.png
351,/root/data/train_crop/image/28218_0.png,/root/data/train_crop/label/28218_0.png
352,/root/data/train_crop/image/053_1.png,/root/data/train_crop/label/053_1.png
353,/root/data/train_crop/image/20846_2.png,/root/data/train_crop/label/20846_2.png
354,/root/data/train_crop/image/25795_3.png,/root/data/train_crop/label/25795_3.png
355,/root/data/train_crop/image/329_5.png,/root/data/train_crop/label/329_5.png
356,/root/data/train_crop/image/365_0.png,/root/data/train_crop/label/365_0.png
357,/root/data/train_crop/image/26876_7.png,/root/data/train_crop/label/26876_7.png
358,/root/data/train_crop/image/31202_2.png,/root/data/train_crop/label/31202_2.png
359,/root/data/train_crop/image/7012_1.png,/root/data/train_crop/label/7012_1.png
360,/root/data/train_crop/image/28239_4.png,/root/data/train_crop/label/28239_4.png
361,/root/data/train_crop/image/23133_7.png,/root/data/train_crop/label/23133_7.png
362,/root/data/train_crop/image/270_5.png,/root/data/train_crop/label/270_5.png
363,/root/data/train_crop/image/36793_2.png,/root/data/train_crop/label/36793_2.png
364,/root/data/train_crop/image/5593_5.png,/root/data/train_crop/label/5593_5.png
365,/root/data/train_crop/image/27284_0.png,/root/data/train_crop/label/27284_0.png
366,/root/data/train_crop/image/27987_6.png,/root/data/train_crop/label/27987_6.png
367,/root/data/train_crop/image/30228_7.png,/root/data/train_crop/label/30228_7.png
368,/root/data/train_crop/image/7032_1.png,/root/data/train_crop/label/7032_1.png
369,/root/data/train_crop/image/27987_3.png,/root/data/train_crop/label/27987_3.png
370,/root/data/train_crop/image/7032_0.png,/root/data/train_crop/label/7032_0.png
371,/root/data/train_crop/image/7012_2.png,/root/data/train_crop/label/7012_2.png
372,/root/data/train_crop/image/5_2.png,/root/data/train_crop/label/5_2.png
373,/root/data/train_crop/image/4944_6.png,/root/data/train_crop/label/4944_6.png
374,/root/data/train_crop/image/29263_5.png,/root/data/train_crop/label/29263_5.png
375,/root/data/train_crop/image/21135_5.png,/root/data/train_crop/label/21135_5.png
376,/root/data/train_crop/image/366_0.png,/root/data/train_crop/label/366_0.png
377,/root/data/train_crop/image/27218_6.png,/root/data/train_crop/label/27218_6.png
378,/root/data/train_crop/image/27813_6.png,/root/data/train_crop/label/27813_6.png
379,/root/data/train_crop/image/3171_7.png,/root/data/train_crop/label/3171_7.png
380,/root/data/train_crop/image/27284_4.png,/root/data/train_crop/label/27284_4.png
381,/root/data/train_crop/image/5_6.png,/root/data/train_crop/label/5_6.png
382,/root/data/train_crop/image/26876_6.png,/root/data/train_crop/label/26876_6.png
383,/root/data/train_crop/image/29263_2.png,/root/data/train_crop/label/29263_2.png
384,/root/data/train_crop/image/30228_4.png,/root/data/train_crop/label/30228_4.png
385,/root/data/train_crop/image/26962_7.png,/root/data/train_crop/label/26962_7.png
386,/root/data/train_crop/image/27068_5.png,/root/data/train_crop/label/27068_5.png
387,/root/data/train_crop/image/22197_4.png,/root/data/train_crop/label/22197_4.png
388,/root/data/train_crop/image/280_0.png,/root/data/train_crop/label/280_0.png
389,/root/data/train_crop/image/23425_1.png,/root/data/train_crop/label/23425_1.png
390,/root/data/train_crop/image/30624_1.png,/root/data/train_crop/label/30624_1.png
391,/root/data/train_crop/image/329_4.png,/root/data/train_crop/label/329_4.png
392,/root/data/train_crop/image/30228_2.png,/root/data/train_crop/label/30228_2.png
393,/root/data/train_crop/image/270_4.png,/root/data/train_crop/label/270_4.png
394,/root/data/train_crop/image/28994_2.png,/root/data/train_crop/label/28994_2.png
395,/root/data/train_crop/image/365_2.png,/root/data/train_crop/label/365_2.png
396,/root/data/train_crop/image/36793_6.png,/root/data/train_crop/label/36793_6.png
397,/root/data/train_crop/image/36761_2.png,/root/data/train_crop/label/36761_2.png
398,/root/data/train_crop/image/20846_7.png,/root/data/train_crop/label/20846_7.png
399,/root/data/train_crop/image/28645_0.png,/root/data/train_crop/label/28645_0.png
400,/root/data/train_crop/image/360_4.png,/root/data/train_crop/label/360_4.png
401,/root/data/train_crop/image/30624_7.png,/root/data/train_crop/label/30624_7.png
402,/root/data/train_crop/image/5_1.png,/root/data/train_crop/label/5_1.png
403,/root/data/train_crop/image/28483_7.png,/root/data/train_crop/label/28483_7.png
404,/root/data/train_crop/image/270_3.png,/root/data/train_crop/label/270_3.png
405,/root/data/train_crop/image/21393_2.png,/root/data/train_crop/label/21393_2.png
406,/root/data/train_crop/image/26876_3.png,/root/data/train_crop/label/26876_3.png
407,/root/data/train_crop/image/21135_1.png,/root/data/train_crop/label/21135_1.png
408,/root/data/train_crop/image/7040_3.png,/root/data/train_crop/label/7040_3.png
409,/root/data/train_crop/image/324_3.png,/root/data/train_crop/label/324_3.png
410,/root/data/train_crop/image/26876_2.png,/root/data/train_crop/label/26876_2.png
411,/root/data/train_crop/image/27284_3.png,/root/data/train_crop/label/27284_3.png
412,/root/data/train_crop/image/21393_4.png,/root/data/train_crop/label/21393_4.png
413,/root/data/train_crop/image/5_3.png,/root/data/train_crop/label/5_3.png
414,/root/data/train_crop/image/366_4.png,/root/data/train_crop/label/366_4.png
415,/root/data/train_crop/image/4944_1.png,/root/data/train_crop/label/4944_1.png
416,/root/data/train_crop/image/27038_0.png,/root/data/train_crop/label/27038_0.png
417,/root/data/train_crop/image/30228_0.png,/root/data/train_crop/label/30228_0.png
418,/root/data/train_crop/image/26962_5.png,/root/data/train_crop/label/26962_5.png
419,/root/data/train_crop/image/1_5.png,/root/data/train_crop/label/1_5.png
420,/root/data/train_crop/image/5114_7.png,/root/data/train_crop/label/5114_7.png
421,/root/data/train_crop/image/29263_6.png,/root/data/train_crop/label/29263_6.png
422,/root/data/train_crop/image/5841_2.png,/root/data/train_crop/label/5841_2.png
423,/root/data/train_crop/image/7012_5.png,/root/data/train_crop/label/7012_5.png
424,/root/data/train_crop/image/28994_6.png,/root/data/train_crop/label/28994_6.png
425,/root/data/train_crop/image/30624_4.png,/root/data/train_crop/label/30624_4.png
426,/root/data/train_crop/image/150_5.png,/root/data/train_crop/label/150_5.png
427,/root/data/train_crop/image/20311_5.png,/root/data/train_crop/label/20311_5.png
428,/root/data/train_crop/image/24551_3.png,/root/data/train_crop/label/24551_3.png
429,/root/data/train_crop/image/28239_6.png,/root/data/train_crop/label/28239_6.png
430,/root/data/train_crop/image/27987_0.png,/root/data/train_crop/label/27987_0.png
431,/root/data/train_crop/image/22197_0.png,/root/data/train_crop/label/22197_0.png
432,/root/data/train_crop/image/365_7.png,/root/data/train_crop/label/365_7.png
433,/root/data/train_crop/image/21135_0.png,/root/data/train_crop/label/21135_0.png
434,/root/data/train_crop/image/5114_1.png,/root/data/train_crop/label/5114_1.png
435,/root/data/train_crop/image/21135_6.png,/root/data/train_crop/label/21135_6.png
436,/root/data/train_crop/image/280_3.png,/root/data/train_crop/label/280_3.png
437,/root/data/train_crop/image/36761_5.png,/root/data/train_crop/label/36761_5.png
438,/root/data/train_crop/image/4944_0.png,/root/data/train_crop/label/4944_0.png
439,/root/data/train_crop/image/23425_7.png,/root/data/train_crop/label/23425_7.png
440,/root/data/train_crop/image/24551_1.png,/root/data/train_crop/label/24551_1.png
441,/root/data/train_crop/image/7040_0.png,/root/data/train_crop/label/7040_0.png
442,/root/data/train_crop/image/23425_0.png,/root/data/train_crop/label/23425_0.png
443,/root/data/train_crop/image/4944_5.png,/root/data/train_crop/label/4944_5.png
444,/root/data/train_crop/image/23133_3.png,/root/data/train_crop/label/23133_3.png
445,/root/data/train_crop/image/360_6.png,/root/data/train_crop/label/360_6.png
446,/root/data/train_crop/image/271_6.png,/root/data/train_crop/label/271_6.png
447,/root/data/train_crop/image/7012_3.png,/root/data/train_crop/label/7012_3.png
448,/root/data/train_crop/image/4660_4.png,/root/data/train_crop/label/4660_4.png
449,/root/data/train_crop/image/374_5.png,/root/data/train_crop/label/374_5.png
450,/root/data/train_crop/image/1_6.png,/root/data/train_crop/label/1_6.png
451,/root/data/train_crop/image/7033_6.png,/root/data/train_crop/label/7033_6.png
452,/root/data/train_crop/image/4944_2.png,/root/data/train_crop/label/4944_2.png
453,/root/data/train_crop/image/3984_6.png,/root/data/train_crop/label/3984_6.png
454,/root/data/train_crop/image/28239_7.png,/root/data/train_crop/label/28239_7.png
455,/root/data/train_crop/image/28218_4.png,/root/data/train_crop/label/28218_4.png
456,/root/data/train_crop/image/20919_3.png,/root/data/train_crop/label/20919_3.png
457,/root/data/train_crop/image/23425_4.png,/root/data/train_crop/label/23425_4.png
458,/root/data/train_crop/image/7012_4.png,/root/data/train_crop/label/7012_4.png
459,/root/data/train_crop/image/27068_7.png,/root/data/train_crop/label/27068_7.png
460,/root/data/train_crop/image/280_7.png,/root/data/train_crop/label/280_7.png
461,/root/data/train_crop/image/21393_5.png,/root/data/train_crop/label/21393_5.png
462,/root/data/train_crop/image/329_6.png,/root/data/train_crop/label/329_6.png
463,/root/data/train_crop/image/36761_4.png,/root/data/train_crop/label/36761_4.png
464,/root/data/train_crop/image/7077_5.png,/root/data/train_crop/label/7077_5.png
465,/root/data/train_crop/image/21393_6.png,/root/data/train_crop/label/21393_6.png
466,/root/data/train_crop/image/36793_7.png,/root/data/train_crop/label/36793_7.png
467,/root/data/train_crop/image/27068_4.png,/root/data/train_crop/label/27068_4.png
468,/root/data/train_crop/image/27068_3.png,/root/data/train_crop/label/27068_3.png
469,/root/data/train_crop/image/20311_4.png,/root/data/train_crop/label/20311_4.png
470,/root/data/train_crop/image/28483_5.png,/root/data/train_crop/label/28483_5.png
471,/root/data/train_crop/image/27284_2.png,/root/data/train_crop/label/27284_2.png
472,/root/data/train_crop/image/22197_5.png,/root/data/train_crop/label/22197_5.png
473,/root/data/train_crop/image/3984_2.png,/root/data/train_crop/label/3984_2.png
474,/root/data/train_crop/image/28218_1.png,/root/data/train_crop/label/28218_1.png
475,/root/data/train_crop/image/374_3.png,/root/data/train_crop/label/374_3.png
476,/root/data/train_crop/image/27068_0.png,/root/data/train_crop/label/27068_0.png
477,/root/data/train_crop/image/4507_5.png,/root/data/train_crop/label/4507_5.png
478,/root/data/train_crop/image/5225_2.png,/root/data/train_crop/label/5225_2.png
479,/root/data/train_crop/image/7040_4.png,/root/data/train_crop/label/7040_4.png
